Tim Robbins,Morgan Freeman,Bob Gunton,William Sadler,Clancy Brown
Marlon Brando,Al Pacino,James Caan,Richard S. Castellano,Robert Duvall
Al Pacino,Robert Duvall,Diane Keaton,Robert De Niro,John Cazale
Christian Bale,Heath Ledger,Aaron Eckhart,Michael Caine,Maggie Gyllenhaal
Martin Balsam,John Fiedler,Lee J. Cobb,E.G. Marshall,Jack Klugman
Liam Neeson,Ben Kingsley,Ralph Fiennes,Caroline Goodall,Jonathan Sagall
Noel Appleby,Ali Astin,Sean Astin,David Aston,John Bach
Tim Roth,Amanda Plummer,Laura Lovelace,John Travolta,Samuel L. Jackson
Eli Wallach,Clint Eastwood,Lee Van Cleef,Aldo Giuffrè,Luigi Pistilli
Edward Norton,Brad Pitt,Meat Loaf,Zach Grenier,Richmond Arquette
Alan Howard,Noel Appleby,Sean Astin,Sala Baker,Sean Bean
Tom Hanks,Rebecca Williams,Sally Field,Michael Conner Humphreys,Harold G. Herthum
Leonardo DiCaprio,Joseph Gordon-Levitt,Ellen Page,Tom Hardy,Ken Watanabe
Mark Hamill,Harrison Ford,Carrie Fisher,Billy Dee Williams,Anthony Daniels
Bruce Allpress,Sean Astin,John Bach,Sala Baker,Cate Blanchett
Keanu Reeves,Laurence Fishburne,Carrie-Anne Moss,Hugo Weaving,Gloria Foster
Jack Nicholson,Louise Fletcher,Will Sampson,Michael Berryman,Alonzo Brown
Robert De Niro,Ray Liotta,Joe Pesci,Lorraine Bracco,Paul Sorvino
Toshirô Mifune,Takashi Shimura,Keiko Tsushima,Yukiko Shimazaki,Kamatari Fujiwara
Morgan Freeman,Andrew Kevin Walker,Daniel Zacapa,Brad Pitt,Gwyneth Paltrow
Alexandre Rodrigues,Leandro Firmino,Phellipe Haagensen,Douglas Silva,Jonathan Haagensen
Roberto Benigni,Nicoletta Braschi,Giorgio Cantarini,Giustino Durano,Sergio Bini Bustric
Jodie Foster,Lawrence A. Bonney,Kasi Lemmons,Lawrence T. Wrentz,Scott Glenn
Mark Hamill,Harrison Ford,Carrie Fisher,Peter Cushing,Alec Guinness
James Stewart,Donna Reed,Lionel Barrymore,Thomas Mitchell,Henry Travers
Tom Hanks,Tom Sizemore,Edward Burns,Barry Pepper,Adam Goldberg
Rumi Hiiragi,Miyu Irino,Mari Natsuki,Takashi Naitô,Yasuko Sawaguchi
Tom Hanks,David Morse,Bonnie Hunt,Michael Clarke Duncan,James Cromwell
Jean Reno,Gary Oldman,Natalie Portman,Danny Aiello,Peter Appel
Tatsuya Nakadai,Akira Ishihama,Shima Iwashita,Tetsurô Tanba,Masao Mishima
Ellen Burstyn,Matthew McConaughey,Mackenzie Foy,John Lithgow,Timothée Chalamet
Stephen Baldwin,Gabriel Byrne,Benicio Del Toro,Kevin Pollak,Kevin Spacey
Rowan Atkinson,Matthew Broderick,Niketa Calame-Harris,Jim Cummings,Whoopi Goldberg
Edward Norton,Edward Furlong,Beverly D'Angelo,Jennifer Lien,Ethan Suplee
Michael J. Fox,Christopher Lloyd,Lea Thompson,Crispin Glover,Thomas F. Wilson
Adrien Brody,Emilia Fox,Michal Zebrowski,Ed Stoppard,Maureen Lipman
Charles Chaplin,Paulette Goddard,Henry Bergman,Tiny Sandford,Chester Conklin
Arnold Schwarzenegger,Linda Hamilton,Edward Furlong,Robert Patrick,Earl Boen
François Cluzet,Omar Sy,Anne Le Ny,Audrey Fleurot,Joséphine de Meaux
Anthony Perkins,Vera Miles,John Gavin,Janet Leigh,Martin Balsam
Russell Crowe,Joaquin Phoenix,Connie Nielsen,Oliver Reed,Richard Harris
Virginia Cherrill,Florence Lee,Harry Myers,Al Ernest Garcia,Hank Mann
Leonardo DiCaprio,Matt Damon,Jack Nicholson,Mark Wahlberg,Martin Sheen
Miles Teller,J.K. Simmons,Paul Reiser,Melissa Benoist,Austin Stowell
Robert Downey Jr.,Chris Evans,Mark Ruffalo,Chris Hemsworth,Scarlett Johansson
Claudia Cardinale,Henry Fonda,Jason Robards,Charles Bronson,Gabriele Ferzetti
Hugh Jackman,Christian Bale,Michael Caine,Piper Perabo,Rebecca Hall
Humphrey Bogart,Ingrid Bergman,Paul Henreid,Claude Rains,Conrad Veidt
Tsutomu Tatsumi,Ayano Shiraishi,Yoshiko Shinohara,Akemi Yamaguchi,Tadashi Nakamura
James Stewart,Grace Kelly,Wendell Corey,Thelma Ritter,Raymond Burr
Antonella Attili,Enzo Cannavale,Isa Danieli,Leo Gullotta,Marco Leonardi
Harrison Ford,Karen Allen,Paul Freeman,Ronald Lacey,John Rhys-Davies
Tom Skerritt,Sigourney Weaver,Veronica Cartwright,Harry Dean Stanton,John Hurt
Guy Pearce,Carrie-Anne Moss,Joe Pantoliano,Mark Boone Junior,Russ Fega
Marlon Brando,Martin Sheen,Robert Duvall,Frederic Forrest,Sam Bottoms
Charles Chaplin,Jack Oakie,Reginald Gardiner,Henry Daniell,Billy Gilbert
Martina Gedeck,Ulrich Mühe,Sebastian Koch,Ulrich Tukur,Thomas Thieme
Robert Downey Jr.,Chris Hemsworth,Mark Ruffalo,Chris Evans,Scarlett Johansson
Jamie Foxx,Christoph Waltz,Leonardo DiCaprio,Kerry Washington,Samuel L. Jackson
Shameik Moore,Jake Johnson,Hailee Steinfeld,Mahershala Ali,Brian Tyree Henry
Jack Nicholson,Shelley Duvall,Danny Lloyd,Scatman Crothers,Barry Nelson
Kirk Douglas,Ralph Meeker,Adolphe Menjou,George Macready,Wayne Morris
Ben Burtt,Elissa Knight,Jeff Garlin,Fred Willard,MacInTalk
William Holden,Gloria Swanson,Erich von Stroheim,Nancy Olson,Fred Clark
Peter Sellers,George C. Scott,Sterling Hayden,Keenan Wynn,Slim Pickens
Billy Crudup,Billy Bob Thornton,Minnie Driver,John DiMaggio,Claire Danes
Min-sik Choi,Ji-tae Yu,Hye-jeong Kang,Dae-han Ji,Dal-su Oh
Tyrone Power,Marlene Dietrich,Charles Laughton,Elsa Lanchester,John Williams
Christian Bale,Gary Oldman,Tom Hardy,Joseph Gordon-Levitt,Anne Hathaway
Robert De Niro,James Woods,Elizabeth McGovern,Treat Williams,Tuesday Weld
Sigourney Weaver,Carrie Henn,Michael Biehn,Paul Reiser,Lance Henriksen
Kevin Spacey,Annette Bening,Thora Birch,Wes Bentley,Mena Suvari
Anthony Gonzalez,Gael García Bernal,Benjamin Bratt,Alanna Ubach,Renee Victor
Ryûnosuke Kamiki,Mone Kamishiraishi,Ryô Narita,Aoi Yûki,Nobunaga Shimazaki
James Robinson,Sean Lawlor,Sandy Nelson,James Cosmo,Sean McGinley
Jürgen Prochnow,Herbert Grönemeyer,Klaus Wennemann,Hubertus Bengsch,Martin Semmelrogge
Kang-ho Song,Sun-kyun Lee,Yeo-jeong Jo,Woo-sik Choi,Hye-jin Jang
Aamir Khan,Madhavan,Sharman Joshi,Kareena Kapoor,Boman Irani
Darsheel Safary,Aamir Khan,Tisca Chopra,Vipin Sharma,Sachet Engineer
Mark Hamill,Harrison Ford,Carrie Fisher,Billy Dee Williams,Anthony Daniels
Tom Hanks,Tim Allen,Don Rickles,Jim Varney,Wallace Shawn
Harvey Keitel,Tim Roth,Michael Madsen,Chris Penn,Steve Buscemi
F. Murray Abraham,Tom Hulce,Elizabeth Berridge,Roy Dotrice,Simon Callow
Aamir Khan,Fatima Sana Shaikh,Sanya Malhotra,Sakshi Tanwar,Aparshakti Khurana
Peter Lorre,Ellen Widmann,Inge Landgut,Otto Wernicke,Theodor Loos
Matt Damon,Ben Affleck,Stellan Skarsgård,John Mighton,Rachel Majorowski
Ellen Burstyn,Jared Leto,Jennifer Connelly,Marlon Wayans,Christopher McDonald
Brad Pitt,Mélanie Laurent,Christoph Waltz,Eli Roth,Michael Fassbender
James Stewart,Kim Novak,Barbara Bel Geddes,Tom Helmore,Henry Jones
Keir Dullea,Gary Lockwood,William Sylvester,Daniel Richter,Leonard Rossiter
Jim Carrey,Kate Winslet,Gerry Robert Byrne,Elijah Wood,Thomas Jay Ryan
Joseph Cotten,Dorothy Comingore,Agnes Moorehead,Ruth Warrick,Ray Collins
Matthew Modine,Adam Baldwin,Vincent D'Onofrio,R. Lee Ermey,Dorian Harewood
Mads Mikkelsen,Thomas Bo Larsen,Annika Wedderkopp,Lasse Fogelstrøm,Susse Wold
Cary Grant,Eva Marie Saint,James Mason,Jessie Royce Landis,Leo G. Carroll
Malcolm McDowell,Patrick Magee,Michael Bates,Warren Clarke,John Clive
Benicio Del Toro,Dennis Farina,Vinnie Jones,Brad Pitt,Rade Serbedzija
Audrey Tautou,Mathieu Kassovitz,Rufus,Lorella Cravotta,Serge Merlin
Carl Miller,Edna Purviance,Jackie Coogan,Charles Chaplin,Albert Austin
Lamberto Maggiorani,Enzo Staiola,Lianella Carell,Elena Altieri,Gino Saltamerenda
Al Pacino,Steven Bauer,Michelle Pfeiffer,Mary Elizabeth Mastrantonio,Robert Loggia
Peter O'Toole,Alec Guinness,Anthony Quinn,Jack Hawkins,Omar Sharif
Gene Kelly,Donald O'Connor,Debbie Reynolds,Jean Hagen,Millard Mitchell
Tom Hanks,Tim Allen,Joan Cusack,Ned Beatty,Don Rickles
Diahnne Abbott,Robinson Frank Adu,Victor Argo,Gino Ardito,Garth Avery
Paul Newman,Robert Redford,Robert Shaw,Charles Durning,Ray Walston
Alfred Abel,Gustav Fröhlich,Rudolf Klein-Rogge,Fritz Rasp,Theodor Loos
Clint Eastwood,Lee Van Cleef,Gian Maria Volontè,Mario Brega,Luigi Pistilli
Fred MacMurray,Barbara Stanwyck,Edward G. Robinson,Porter Hall,Jean Heather
Payman Maadi,Leila Hatami,Sareh Bayat,Shahab Hosseini,Sarina Farhadi
Takashi Shimura,Shin'ichi Himori,Haruo Tanaka,Minoru Chiaki,Miki Odagiri
Gregory Peck,John Megna,Frank Overton,Rosemary Murphy,Ruth White
Harrison Ford,Sean Connery,Denholm Elliott,Alison Doody,John Rhys-Davies
Jack Lemmon,Shirley MacLaine,Fred MacMurray,Ray Walston,Jack Kruschen
Mohanlal,Meena,Ansiba,Esther Anil,Kalabhavan Shajohn
Edward Asner,Christopher Plummer,Jordan Nagai,Bob Peterson,Delroy Lindo
Kevin Spacey,Russell Crowe,Guy Pearce,James Cromwell,Kim Basinger
Graham Chapman,John Cleese,Eric Idle,Terry Gilliam,Terry Jones
Zain Al Rafeea,Yordanos Shiferaw,Boluwatife Treasure Bankole,Kawsar Al Haddad,Fadi Yousef
Mustafa Kamel,Hussein Sami,Rémy Girard,Mélissa Désormeaux-Poulin,Maxim Gaudette
Al Pacino,Robert De Niro,Val Kilmer,Jon Voight,Tom Sizemore
Toshirô Mifune,Machiko Kyô,Masayuki Mori,Takashi Shimura,Minoru Chiaki
Toshirô Mifune,Tatsuya Nakadai,Yôko Tsukasa,Isuzu Yamada,Daisuke Katô
Christian Bale,Michael Caine,Liam Neeson,Katie Holmes,Gary Oldman
Bruce Willis,Bonnie Bedelia,Reginald VelJohnson,Paul Gleason,William Atherton
Clint Eastwood,Gene Hackman,Morgan Freeman,Richard Harris,Jaimz Woolvett
Viggo Mortensen,Mahershala Ali,Linda Cardellini,Sebastian Maniscalco,Dimiter D. Marinov
Bruno Ganz,Alexandra Maria Lara,Corinna Harfouch,Ulrich Matthes,Juliane Köhler
Mohammad Amir Naji,Amir Farrokh Hashemian,Bahare Seddiqi,Nafise Jafar-Mohammadi,Fereshte Sarabandi
Marilyn Monroe,Tony Curtis,Jack Lemmon,George Raft,Pat O'Brien
Chieko Baishô,Takuya Kimura,Akihiro Miwa,Tatsuya Gashûin,Ryûnosuke Kamiki
Steve McQueen,James Garner,Richard Attenborough,James Donald,Charles Bronson
Noriko Hidaka,Chika Sakamoto,Shigesato Itoi,Sumi Shimamoto,Tanie Kitabayashi
Tatsuya Nakadai,Akira Terao,Jinpachi Nezu,Daisuke Ryû,Mieko Harada
Bette Davis,Anne Baxter,George Sanders,Celeste Holm,Gary Merrill
Russell Crowe,Ed Harris,Jennifer Connelly,Christopher Plummer,Paul Bettany
Ivana Baquero,Sergi López,Maribel Verdú,Doug Jones,Ariadna Gil
Aleksey Kravchenko,Olga Mironova,Liubomiras Laucevicius,Vladas Bagdonas,Jüri Lumiste
Robert De Niro,Sharon Stone,Joe Pesci,James Woods,Don Rickles
Soledad Villamil,Ricardo Darín,Carla Quevedo,Pablo Rago,Javier Godino
Jason Flemyng,Dexter Fletcher,Nick Moran,Jason Statham,Steven Mackintosh
Robert De Niro,Cathy Moriarty,Joe Pesci,Frank Vincent,Nicholas Colasanto
Çetin Tekindor,Fikret Kuskan,Hümeyra,Ege Tanman,Serif Sezer
Humphrey Bogart,Walter Huston,Tim Holt,Bruce Bennett,Barton MacLane
Leonardo DiCaprio,Jonah Hill,Margot Robbie,Matthew McConaughey,Kyle Chandler
Spencer Tracy,Burt Lancaster,Richard Widmark,Marlene Dietrich,Maximilian Schell
Frances McDormand,Caleb Landry Jones,Kerry Condon,Sam Rockwell,Alejandro Barrios
Jack Nicholson,Faye Dunaway,John Huston,Perry Lopez,John Hillerman
Charles Chaplin,Mack Swain,Tom Murray,Henry Bergman,Malcolm Waite
Amy Poehler,Phyllis Smith,Richard Kind,Bill Hader,Lewis Black
Ray Milland,Grace Kelly,Robert Cummings,John Williams,Anthony Dawson
Natalie Portman,Hugo Weaving,Stephen Rea,Stephen Fry,John Hurt
Daniel Day-Lewis,Martin Stringer,Matthew Braden Stringer,Jacob Stringer,Joseph Mussey
Gunnar Björnstrand,Bengt Ekerot,Nils Poppe,Max von Sydow,Bibi Andersson
Joel Edgerton,Tom Hardy,Nick Nolte,Jennifer Morrison,Frank Grillo
Brie Larson,Jacob Tremblay,Sean Bridgers,Wendy Crewson,Sandy McMaster
Ewan McGregor,Ewen Bremner,Jonny Lee Miller,Kevin McKidd,Robert Carlyle
Tommy Lee Jones,Javier Bardem,Josh Brolin,Woody Harrelson,Kelly Macdonald
Anthony Hopkins,John Hurt,Anne Bancroft,John Gielgud,Wendy Hiller
Ayushmann Khurrana,Tabu,Radhika Apte,Anil Dhawan,Manav Vij
Bruce Willis,Haley Joel Osment,Toni Collette,Olivia Williams,Trevor Morgan
Leonardo DiCaprio,Mark Ruffalo,Ben Kingsley,Max von Sydow,Michelle Williams
Kurt Russell,Wilford Brimley,T.K. Carter,David Clennon,Keith David
William Holden,Alec Guinness,Jack Hawkins,Sessue Hayakawa,James Donald
Thomas Mitchell,Barbara O'Neil,Vivien Leigh,Evelyn Keyes,Ann Rutherford
Sener Sen,Ugur Yücel,Sermin Hürmeriç,Yesim Salkim,Kamran Usluer
Joseph Cotten,Alida Valli,Orson Welles,Trevor Howard,Bernard Lee
Marlon Brando,Karl Malden,Lee J. Cobb,Rod Steiger,Pat Henning
Harrison Ford,Rutger Hauer,Sean Young,Edward James Olmos,M. Emmet Walsh
Victor Sjöström,Bibi Andersson,Ingrid Thulin,Gunnar Björnstrand,Jullan Kindahl
Sam Neill,Laura Dern,Jeff Goldblum,Richard Attenborough,Bob Peck
Albert Brooks,Ellen DeGeneres,Alexander Gould,Willem Dafoe,Brad Garrett
Clint Eastwood,Christopher Carley,Bee Vang,Ahney Her,Brian Haley
William H. Macy,Steve Buscemi,Peter Stormare,Kristin Rudrüd,Harve Presnell
Uma Thurman,Lucy Liu,Vivica A. Fox,Daryl Hannah,David Carradine
Robert De Niro,John Cazale,John Savage,Christopher Walken,Meryl Streep
Chishû Ryû,Chieko Higashiyama,Setsuko Hara,Haruko Sugimura,Sô Yamamura
Jeff Bridges,John Goodman,Julianne Moore,Steve Buscemi,David Huddleston
Alisa Freyndlikh,Aleksandr Kaydanovskiy,Anatoliy Solonitsyn,Nikolay Grinko,Natalya Abramova
Jim Carrey,Laura Linney,Noah Emmerich,Natascha McElhone,Holland Taylor
Darío Grandinetti,María Marull,Mónica Villa,Diego Starosta,Marcelo Frasca
Christopher Massey,Oliver Marks,Daisy Kocher,Daniel Marks,Hamish Hughes
Andrew Garfield,Richard Pyros,Jacob Warner,Milo Gibson,Darcy Bryce
Ben Affleck,Rosamund Pike,Neil Patrick Harris,Tyler Perry,Carrie Coon
Alison Crosbie,Daniel Day-Lewis,Philip King,Emma Thompson,Nye Heron
Buster Keaton,Kathryn McGuire,Joe Keaton,Erwin Connelly,Ward Crane
Marion Mack,Glen Cavender,Jim Farley,Frederick Vroom,Charles Henry Smith
Jay Baruchel,Gerard Butler,Craig Ferguson,America Ferrera,Jonah Hill
Jean Arthur,James Stewart,Claude Rains,Edward Arnold,Guy Kibbee
Marius Goring,Jean Short,Gordon Littmann,Julia Lang,Bill Shine
Ralph Fiennes,F. Murray Abraham,Mathieu Amalric,Adrien Brody,Willem Dafoe
Kang-ho Song,Sang-kyung Kim,Roe-ha Kim,Jae-ho Song,Hee-Bong Byun
Bibi Andersson,Liv Ullmann,Margaretha Krook,Gunnar Björnstrand,Jörgen Lindström
Ethan Hawke,Julie Delpy,Andrea Eckert,Hanno Pöschl,Karl Bruckschwaiger
Leonardo DiCaprio,Tom Hanks,Christopher Walken,Martin Sheen,Nathalie Baye
Emile Hirsch,Marcia Gay Harden,William Hurt,Jena Malone,Brian H. Dierker
Paul Newman,George Kennedy,J.D. Cannon,Lou Antonio,Robert Drivas
Yves Montand,Charles Vanel,Folco Lulli,Peter van Eyck,Véra Clouzot
Chiwetel Ejiofor,Dwight Henry,Dickie Gravois,Bryan Batt,Ashley Dyke
Faye Dunaway,William Holden,Peter Finch,Robert Duvall,Wesley Addy
Hugh Jackman,Jake Gyllenhaal,Viola Davis,Maria Bello,Terrence Howard
Graham Chapman,John Cleese,Terry Gilliam,Eric Idle,Terry Jones
Maria Falconetti,Eugene Silvain,André Berley,Maurice Schutz,Antonin Artaud
Wil Wheaton,River Phoenix,Corey Feldman,Jerry O'Connell,Kiefer Sutherland
Aamir Khan,Siddharth,Sharman Joshi,Kunal Kapoor,Atul Kulkarni
Tom Hardy,Charlize Theron,Nicholas Hoult,Hugh Keays-Byrne,Josh Helman
Anatoliy Solonitsyn,Ivan Lapikov,Nikolay Grinko,Nikolay Sergeev,Irina Tarkovskaya
Tom Berenger,Keith David,Willem Dafoe,Forest Whitaker,Francesco Quinn
Chris Hemsworth,Daniel Brühl,Olivia Wilde,Alexandra Maria Lara,Pierfrancesco Favino
Clint Eastwood,Hilary Swank,Morgan Freeman,Jay Baruchel,Mike Colter
Richard Gere,Joan Allen,Cary-Hiroyuki Tagawa,Sarah Roemer,Jason Alexander
Hugh Jackman,Patrick Stewart,Dafne Keen,Boyd Holbrook,Stephen Merchant
Charlton Heston,Jack Hawkins,Haya Harareet,Stephen Boyd,Hugh Griffith
Ryan O'Neal,Marisa Berenson,Patrick Magee,Hardy Krüger,Steven Berkoff
Xolani Mali,Don Cheadle,Desmond Dube,Hakeem Kae-Kazim,Tony Kgoroge
Emilio Echevarría,Gael García Bernal,Goya Toledo,Álvaro Guerrero,Vanessa Bauche
Sumi Shimamoto,Mahito Tsujimura,Hisako Kyôda,Gorô Naya,Ichirô Nagai
Mark Ruffalo,Michael Keaton,Rachel McAdams,Liev Schreiber,John Slattery
Ralph Fiennes,Michael Gambon,Alan Rickman,Daniel Radcliffe,Rupert Grint
Jean-Pierre Léaud,Claire Maurier,Albert Rémy,Guy Decomble,Georges Flamant
Robin Williams,Robert Sean Leonard,Ethan Hawke,Josh Charles,Gale Hansen
Laurence Olivier,Joan Fontaine,George Sanders,Judith Anderson,Nigel Bruce
Sylvester Stallone,Talia Shire,Burt Young,Carl Weathers,Burgess Meredith
Manoj Bajpayee,Richa Chadha,Nawazuddin Siddiqui,Tigmanshu Dhulia,Jameel Khan
John Goodman,Billy Crystal,Mary Gibbs,Steve Buscemi,James Coburn
Clark Gable,Claudette Colbert,Walter Connolly,Roscoe Karns,Jameson Thomas
Aamir Khan,Gracy Singh,Rachel Shelley,Paul Blackthorne,Suhasini Mulay
Vincent Cassel,Hubert Koundé,Saïd Taghmaoui,Abdel Ahmed Ghili,Solo
Min-hee Kim,Tae-ri Kim,Jung-woo Ha,Jin-woong Cho,Hae-sook Kim
Sanjay Dutt,Arshad Warsi,Gracy Singh,Sunil Dutt,Boman Irani
Cary Elwes,Mandy Patinkin,Chris Sarandon,Christopher Guest,Wallace Shawn
Silvia Pinal,Jacqueline Andere,José Baviera,Augusto Benedico,Luis Beristáin
Tom Hanks,Tim Allen,Annie Potts,Tony Hale,Keegan-Michael Key
Aamir Khan,Anushka Sharma,Saurabh Shukla,Sanjay Dutt,Boman Irani
Shah Rukh Khan,Gayatri Joshi,Kishori Ballal,Smit Sheth,Lekh Tandon
Paul Newman,Robert Redford,Katharine Ross,Strother Martin,Henry Jones
Emma Stone,Viola Davis,Bryce Dallas Howard,Octavia Spencer,Jessica Chastain
Ethan Hawke,Julie Delpy,Vernon Dobtcheff,Louise Lemoine Torrès,Rodolphe Pauly
Ajay Devgn,Shriya Saran,Tabu,Rajat Kapoor,Ishita Dutta
Mitsuo Iwata,Nozomu Sasaki,Mami Koyama,Tesshô Genda,Hiroshi Ôtake
Arnold Schwarzenegger,Michael Biehn,Linda Hamilton,Paul Winfield,Lance Henriksen
Harry Dean Stanton,Nastassja Kinski,Dean Stockwell,Aurore Clément,Hunter Carson
Maggie Cheung,Tony Chiu-Wai Leung,Ping Lam Siu,Tung Cho 'Joe' Cheung,Rebecca Pan
Andy Lau,Tony Chiu-Wai Leung,Anthony Chau-Sang Wong,Eric Tsang,Kelly Chen
Chris Pratt,Zoe Saldana,Dave Bautista,Vin Diesel,Bradley Cooper
Jean Martin,Yacef Saadi,Brahim Hadjadj,Tommaso Neri,Samia Kerbash
Scott Weinger,Robin Williams,Linda Larkin,Jonathan Freeman,Frank Welker
Anupam Kher,Naseeruddin Shah,Jimmy Sheirgill,Deepal Shaw,Aamir Bashir
Tim Roth,Pruitt Taylor Vince,Mélanie Thierry,Bill Nunn,Clarence Williams III
Haluk Bilginer,Melisa Sözen,Demet Akbag,Ayberk Pekcan,Serhat Mustafa Kiliç
